PassengerId,Age,SibSp,Parch,Fare,Pclass_1,Pclass_2,Pclass_3,Sex_female,Sex_male,Embarked_C,Embarked_Q,Embarked_S
1,22.0,1,0,7.25,0,0,1,0,1,0,0,1
2,38.0,1,0,71.2833,1,0,0,1,0,1,0,0
3,26.0,0,0,7.925,0,0,1,1,0,0,0,1
4,35.0,1,0,53.1,1,0,0,1,0,0,0,1
5,35.0,0,0,8.05,0,0,1,0,1,0,0,1
6,29.69911764705882,0,0,8.4583,0,0,1,0,1,0,1,0
7,54.0,0,0,51.8625,1,0,0,0,1,0,0,1
8,2.0,3,1,21.075,0,0,1,0,1,0,0,1
9,27.0,0,2,11.1333,0,0,1,1,0,0,0,1
10,14.0,1,0,30.0708,0,1,0,1,0,1,0,0
11,4.0,1,1,16.7,0,0,1,1,0,0,0,1
12,58.0,0,0,26.55,1,0,0,1,0,0,0,1
13,20.0,0,0,8.05,0,0,1,0,1,0,0,1
14,39.0,1,5,31.275,0,0,1,0,1,0,0,1
15,14.0,0,0,7.8542,0,0,1,1,0,0,0,1
16,55.0,0,0,16.0,0,1,0,1,0,0,0,1
17,2.0,4,1,29.125,0,0,1,0,1,0,1,0
18,29.69911764705882,0,0,13.0,0,1,0,0,1,0,0,1
19,31.0,1,0,18.0,0,0,1,1,0,0,0,1
20,29.69911764705882,0,0,7.225,0,0,1,1,0,1,0,0
21,35.0,0,0,26.0,0,1,0,0,1,0,0,1
22,34.0,0,0,13.0,0,1,0,0,1,0,0,1
23,15.0,0,0,8.0292,0,0,1,1,0,0,1,0
24,28.0,0,0,35.5,1,0,0,0,1,0,0,1
25,8.0,3,1,21.075,0,0,1,1,0,0,0,1
26,38.0,1,5,31.3875,0,0,1,1,0,0,0,1
27,29.69911764705882,0,0,7.225,0,0,1,0,1,1,0,0
28,19.0,3,2,263.0,1,0,0,0,1,0,0,1
29,29.69911764705882,0,0,7.8792,0,0,1,1,0,0,1,0
30,29.69911764705882,0,0,7.8958,0,0,1,0,1,0,0,1
31,40.0,0,0,27.7208,1,0,0,0,1,1,0,0
32,29.69911764705882,1,0,146.5208,1,0,0,1,0,1,0,0
33,29.69911764705882,0,0,7.75,0,0,1,1,0,0,1,0
34,66.0,0,0,10.5,0,1,0,0,1,0,0,1
35,28.0,1,0,82.1708,1,0,0,0,1,1,0,0
36,42.0,1,0,52.0,1,0,0,0,1,0,0,1
37,29.69911764705882,0,0,7.2292,0,0,1,0,1,1,0,0
38,21.0,0,0,8.05,0,0,1,0,1,0,0,1
39,18.0,2,0,18.0,0,0,1,1,0,0,0,1
40,14.0,1,0,11.2417,0,0,1,1,0,1,0,0
41,40.0,1,0,9.475,0,0,1,1,0,0,0,1
42,27.0,1,0,21.0,0,1,0,1,0,0,0,1
43,29.69911764705882,0,0,7.8958,0,0,1,0,1,1,0,0
44,3.0,1,2,41.5792,0,1,0,1,0,1,0,0
45,19.0,0,0,7.8792,0,0,1,1,0,0,1,0
46,29.69911764705882,0,0,8.05,0,0,1,0,1,0,0,1
47,29.69911764705882,1,0,15.5,0,0,1,0,1,0,1,0
48,29.69911764705882,0,0,7.75,0,0,1,1,0,0,1,0
49,29.69911764705882,2,0,21.6792,0,0,1,0,1,1,0,0
50,18.0,1,0,17.8,0,0,1,1,0,0,0,1
51,7.0,4,1,39.6875,0,0,1,0,1,0,0,1
52,21.0,0,0,7.8,0,0,1,0,1,0,0,1
53,49.0,1,0,76.7292,1,0,0,1,0,1,0,0
54,29.0,1,0,26.0,0,1,0,1,0,0,0,1
55,65.0,0,1,61.9792,1,0,0,0,1,1,0,0
56,29.69911764705882,0,0,35.5,1,0,0,0,1,0,0,1
57,21.0,0,0,10.5,0,1,0,1,0,0,0,1
58,28.5,0,0,7.2292,0,0,1,0,1,1,0,0
59,5.0,1,2,27.75,0,1,0,1,0,0,0,1
60,11.0,5,2,46.9,0,0,1,0,1,0,0,1
61,22.0,0,0,7.2292,0,0,1,0,1,1,0,0
62,38.0,0,0,80.0,1,0,0,1,0,0,0,1
63,45.0,1,0,83.475,1,0,0,0,1,0,0,1
64,4.0,3,2,27.9,0,0,1,0,1,0,0,1
65,29.69911764705882,0,0,27.7208,1,0,0,0,1,1,0,0
66,29.69911764705882,1,1,15.2458,0,0,1,0,1,1,0,0
67,29.0,0,0,10.5,0,1,0,1,0,0,0,1
68,19.0,0,0,8.1583,0,0,1,0,1,0,0,1
69,17.0,4,2,7.925,0,0,1,1,0,0,0,1
70,26.0,2,0,8.6625,0,0,1,0,1,0,0,1
71,32.0,0,0,10.5,0,1,0,0,1,0,0,1
72,16.0,5,2,46.9,0,0,1,1,0,0,0,1
73,21.0,0,0,73.5,0,1,0,0,1,0,0,1
74,26.0,1,0,14.4542,0,0,1,0,1,1,0,0
75,32.0,0,0,56.4958,0,0,1,0,1,0,0,1
76,25.0,0,0,7.65,0,0,1,0,1,0,0,1
77,29.69911764705882,0,0,7.8958,0,0,1,0,1,0,0,1
78,29.69911764705882,0,0,8.05,0,0,1,0,1,0,0,1
79,0.83,0,2,29.0,0,1,0,0,1,0,0,1
80,30.0,0,0,12.475,0,0,1,1,0,0,0,1
81,22.0,0,0,9.0,0,0,1,0,1,0,0,1
82,29.0,0,0,9.5,0,0,1,0,1,0,0,1
83,29.69911764705882,0,0,7.7875,0,0,1,1,0,0,1,0
84,28.0,0,0,47.1,1,0,0,0,1,0,0,1
85,17.0,0,0,10.5,0,1,0,1,0,0,0,1
86,33.0,3,0,15.85,0,0,1,1,0,0,0,1
87,16.0,1,3,34.375,0,0,1,0,1,0,0,1
88,29.69911764705882,0,0,8.05,0,0,1,0,1,0,0,1
89,23.0,3,2,263.0,1,0,0,1,0,0,0,1
90,24.0,0,0,8.05,0,0,1,0,1,0,0,1
91,29.0,0,0,8.05,0,0,1,0,1,0,0,1
92,20.0,0,0,7.8542,0,0,1,0,1,0,0,1
93,46.0,1,0,61.175,1,0,0,0,1,0,0,1
94,26.0,1,2,20.575,0,0,1,0,1,0,0,1
95,59.0,0,0,7.25,0,0,1,0,1,0,0,1
96,29.69911764705882,0,0,8.05,0,0,1,0,1,0,0,1
97,71.0,0,0,34.6542,1,0,0,0,1,1,0,0
98,23.0,0,1,63.3583,1,0,0,0,1,1,0,0
99,34.0,0,1,23.0,0,1,0,1,0,0,0,1
100,34.0,1,0,26.0,0,1,0,0,1,0,0,1
101,28.0,0,0,7.8958,0,0,1,1,0,0,0,1
102,29.69911764705882,0,0,7.8958,0,0,1,0,1,0,0,1
103,21.0,0,1,77.2875,1,0,0,0,1,0,0,1
104,33.0,0,0,8.6542,0,0,1,0,1,0,0,1
105,37.0,2,0,7.925,0,0,1,0,1,0,0,1
106,28.0,0,0,7.8958,0,0,1,0,1,0,0,1
107,21.0,0,0,7.65,0,0,1,1,0,0,0,1
108,29.69911764705882,0,0,7.775,0,0,1,0,1,0,0,1
109,38.0,0,0,7.8958,0,0,1,0,1,0,0,1
110,29.69911764705882,1,0,24.15,0,0,1,1,0,0,1,0
111,47.0,0,0,52.0,1,0,0,0,1,0,0,1
112,14.5,1,0,14.4542,0,0,1,1,0,1,0,0
113,22.0,0,0,8.05,0,0,1,0,1,0,0,1
114,20.0,1,0,9.825,0,0,1,1,0,0,0,1
115,17.0,0,0,14.4583,0,0,1,1,0,1,0,0
116,21.0,0,0,7.925,0,0,1,0,1,0,0,1
117,70.5,0,0,7.75,0,0,1,0,1,0,1,0
118,29.0,1,0,21.0,0,1,0,0,1,0,0,1
119,24.0,0,1,247.5208,1,0,0,0,1,1,0,0
120,2.0,4,2,31.275,0,0,1,1,0,0,0,1
121,21.0,2,0,73.5,0,1,0,0,1,0,0,1
122,29.69911764705882,0,0,8.05,0,0,1,0,1,0,0,1
123,32.5,1,0,30.0708,0,1,0,0,1,1,0,0
124,32.5,0,0,13.0,0,1,0,1,0,0,0,1
125,54.0,0,1,77.2875,1,0,0,0,1,0,0,1
126,12.0,1,0,11.2417,0,0,1,0,1,1,0,0
127,29.69911764705882,0,0,7.75,0,0,1,0,1,0,1,0
128,24.0,0,0,7.1417,0,0,1,0,1,0,0,1
129,29.69911764705882,1,1,22.3583,0,0,1,1,0,1,0,0
130,45.0,0,0,6.975,0,0,1,0,1,0,0,1
131,33.0,0,0,7.8958,0,0,1,0,1,1,0,0
132,20.0,0,0,7.05,0,0,1,0,1,0,0,1
133,47.0,1,0,14.5,0,0,1,1,0,0,0,1
134,29.0,1,0,26.0,0,1,0,1,0,0,0,1
135,25.0,0,0,13.0,0,1,0,0,1,0,0,1
136,23.0,0,0,15.0458,0,1,0,0,1,1,0,0
137,19.0,0,2,26.2833,1,0,0,1,0,0,0,1
138,37.0,1,0,53.1,1,0,0,0,1,0,0,1
139,16.0,0,0,9.2167,0,0,1,0,1,0,0,1
140,24.0,0,0,79.2,1,0,0,0,1,1,0,0
141,29.69911764705882,0,2,15.2458,0,0,1,1,0,1,0,0
142,22.0,0,0,7.75,0,0,1,1,0,0,0,1
143,24.0,1,0,15.85,0,0,1,1,0,0,0,1
144,19.0,0,0,6.75,0,0,1,0,1,0,1,0
145,18.0,0,0,11.5,0,1,0,0,1,0,0,1
146,19.0,1,1,36.75,0,1,0,0,1,0,0,1
147,27.0,0,0,7.7958,0,0,1,0,1,0,0,1
148,9.0,2,2,34.375,0,0,1,1,0,0,0,1
149,36.5,0,2,26.0,0,1,0,0,1,0,0,1
150,42.0,0,0,13.0,0,1,0,0,1,0,0,1
151,51.0,0,0,12.525,0,1,0,0,1,0,0,1
152,22.0,1,0,66.6,1,0,0,1,0,0,0,1
153,55.5,0,0,8.05,0,0,1,0,1,0,0,1
154,40.5,0,2,14.5,0,0,1,0,1,0,0,1
155,29.69911764705882,0,0,7.3125,0,0,1,0,1,0,0,1
156,51.0,0,1,61.3792,1,0,0,0,1,1,0,0
157,16.0,0,0,7.7333,0,0,1,1,0,0,1,0
158,30.0,0,0,8.05,0,0,1,0,1,0,0,1
159,29.69911764705882,0,0,8.6625,0,0,1,0,1,0,0,1
160,29.69911764705882,8,2,69.55,0,0,1,0,1,0,0,1
161,44.0,0,1,16.1,0,0,1,0,1,0,0,1
162,40.0,0,0,15.75,0,1,0,1,0,0,0,1
163,26.0,0,0,7.775,0,0,1,0,1,0,0,1
164,17.0,0,0,8.6625,0,0,1,0,1,0,0,1
165,1.0,4,1,39.6875,0,0,1,0,1,0,0,1
166,9.0,0,2,20.525,0,0,1,0,1,0,0,1
167,29.69911764705882,0,1,55.0,1,0,0,1,0,0,0,1
168,45.0,1,4,27.9,0,0,1,1,0,0,0,1
169,29.69911764705882,0,0,25.925,1,0,0,0,1,0,0,1
170,28.0,0,0,56.4958,0,0,1,0,1,0,0,1
171,61.0,0,0,33.5,1,0,0,0,1,0,0,1
172,4.0,4,1,29.125,0,0,1,0,1,0,1,0
173,1.0,1,1,11.1333,0,0,1,1,0,0,0,1
174,21.0,0,0,7.925,0,0,1,0,1,0,0,1
175,56.0,0,0,30.6958,1,0,0,0,1,1,0,0
176,18.0,1,1,7.8542,0,0,1,0,1,0,0,1
177,29.69911764705882,3,1,25.4667,0,0,1,0,1,0,0,1
178,50.0,0,0,28.7125,1,0,0,1,0,1,0,0
179,30.0,0,0,13.0,0,1,0,0,1,0,0,1
180,36.0,0,0,0.0,0,0,1,0,1,0,0,1
181,29.69911764705882,8,2,69.55,0,0,1,1,0,0,0,1
182,29.69911764705882,0,0,15.05,0,1,0,0,1,1,0,0
183,9.0,4,2,31.3875,0,0,1,0,1,0,0,1
184,1.0,2,1,39.0,0,1,0,0,1,0,0,1
185,4.0,0,2,22.025,0,0,1,1,0,0,0,1
186,29.69911764705882,0,0,50.0,1,0,0,0,1,0,0,1
187,29.69911764705882,1,0,15.5,0,0,1,1,0,0,1,0
188,45.0,0,0,26.55,1,0,0,0,1,0,0,1
189,40.0,1,1,15.5,0,0,1,0,1,0,1,0
190,36.0,0,0,7.8958,0,0,1,0,1,0,0,1
191,32.0,0,0,13.0,0,1,0,1,0,0,0,1
192,19.0,0,0,13.0,0,1,0,0,1,0,0,1
193,19.0,1,0,7.8542,0,0,1,1,0,0,0,1
194,3.0,1,1,26.0,0,1,0,0,1,0,0,1
195,44.0,0,0,27.7208,1,0,0,1,0,1,0,0
196,58.0,0,0,146.5208,1,0,0,1,0,1,0,0
197,29.69911764705882,0,0,7.75,0,0,1,0,1,0,1,0
198,42.0,0,1,8.4042,0,0,1,0,1,0,0,1
199,29.69911764705882,0,0,7.75,0,0,1,1,0,0,1,0
200,24.0,0,0,13.0,0,1,0,1,0,0,0,1
201,28.0,0,0,9.5,0,0,1,0,1,0,0,1
202,29.69911764705882,8,2,69.55,0,0,1,0,1,0,0,1
203,34.0,0,0,6.4958,0,0,1,0,1,0,0,1
204,45.5,0,0,7.225,0,0,1,0,1,1,0,0
205,18.0,0,0,8.05,0,0,1,0,1,0,0,1
206,2.0,0,1,10.4625,0,0,1,1,0,0,0,1
207,32.0,1,0,15.85,0,0,1,0,1,0,0,1
208,26.0,0,0,18.7875,0,0,1,0,1,1,0,0
209,16.0,0,0,7.75,0,0,1,1,0,0,1,0
210,40.0,0,0,31.0,1,0,0,0,1,1,0,0
211,24.0,0,0,7.05,0,0,1,0,1,0,0,1
212,35.0,0,0,21.0,0,1,0,1,0,0,0,1
213,22.0,0,0,7.25,0,0,1,0,1,0,0,1
214,30.0,0,0,13.0,0,1,0,0,1,0,0,1
215,29.69911764705882,1,0,7.75,0,0,1,0,1,0,1,0
216,31.0,1,0,113.275,1,0,0,1,0,1,0,0
217,27.0,0,0,7.925,0,0,1,1,0,0,0,1
218,42.0,1,0,27.0,0,1,0,0,1,0,0,1
219,32.0,0,0,76.2917,1,0,0,1,0,1,0,0
220,30.0,0,0,10.5,0,1,0,0,1,0,0,1
221,16.0,0,0,8.05,0,0,1,0,1,0,0,1
222,27.0,0,0,13.0,0,1,0,0,1,0,0,1
223,51.0,0,0,8.05,0,0,1,0,1,0,0,1
224,29.69911764705882,0,0,7.8958,0,0,1,0,1,0,0,1
225,38.0,1,0,90.0,1,0,0,0,1,0,0,1
226,22.0,0,0,9.35,0,0,1,0,1,0,0,1
227,19.0,0,0,10.5,0,1,0,0,1,0,0,1
228,20.5,0,0,7.25,0,0,1,0,1,0,0,1
229,18.0,0,0,13.0,0,1,0,0,1,0,0,1
230,29.69911764705882,3,1,25.4667,0,0,1,1,0,0,0,1
231,35.0,1,0,83.475,1,0,0,1,0,0,0,1
232,29.0,0,0,7.775,0,0,1,0,1,0,0,1
233,59.0,0,0,13.5,0,1,0,0,1,0,0,1
234,5.0,4,2,31.3875,0,0,1,1,0,0,0,1
235,24.0,0,0,10.5,0,1,0,0,1,0,0,1
236,29.69911764705882,0,0,7.55,0,0,1,1,0,0,0,1
237,44.0,1,0,26.0,0,1,0,0,1,0,0,1
238,8.0,0,2,26.25,0,1,0,1,0,0,0,1
239,19.0,0,0,10.5,0,1,0,0,1,0,0,1
240,33.0,0,0,12.275,0,1,0,0,1,0,0,1
241,29.69911764705882,1,0,14.4542,0,0,1,1,0,1,0,0
242,29.69911764705882,1,0,15.5,0,0,1,1,0,0,1,0
243,29.0,0,0,10.5,0,1,0,0,1,0,0,1
244,22.0,0,0,7.125,0,0,1,0,1,0,0,1
245,30.0,0,0,7.225,0,0,1,0,1,1,0,0
246,44.0,2,0,90.0,1,0,0,0,1,0,1,0
247,25.0,0,0,7.775,0,0,1,1,0,0,0,1
248,24.0,0,2,14.5,0,1,0,1,0,0,0,1
249,37.0,1,1,52.5542,1,0,0,0,1,0,0,1
250,54.0,1,0,26.0,0,1,0,0,1,0,0,1
251,29.69911764705882,0,0,7.25,0,0,1,0,1,0,0,1
252,29.0,1,1,10.4625,0,0,1,1,0,0,0,1
253,62.0,0,0,26.55,1,0,0,0,1,0,0,1
254,30.0,1,0,16.1,0,0,1,0,1,0,0,1
255,41.0,0,2,20.2125,0,0,1,1,0,0,0,1
256,29.0,0,2,15.2458,0,0,1,1,0,1,0,0
257,29.69911764705882,0,0,79.2,1,0,0,1,0,1,0,0
258,30.0,0,0,86.5,1,0,0,1,0,0,0,1
259,35.0,0,0,512.3292,1,0,0,1,0,1,0,0
260,50.0,0,1,26.0,0,1,0,1,0,0,0,1
261,29.69911764705882,0,0,7.75,0,0,1,0,1,0,1,0
262,3.0,4,2,31.3875,0,0,1,0,1,0,0,1
263,52.0,1,1,79.65,1,0,0,0,1,0,0,1
264,40.0,0,0,0.0,1,0,0,0,1,0,0,1
265,29.69911764705882,0,0,7.75,0,0,1,1,0,0,1,0
266,36.0,0,0,10.5,0,1,0,0,1,0,0,1
267,16.0,4,1,39.6875,0,0,1,0,1,0,0,1
268,25.0,1,0,7.775,0,0,1,0,1,0,0,1
269,58.0,0,1,153.4625,1,0,0,1,0,0,0,1
270,35.0,0,0,135.6333,1,0,0,1,0,0,0,1
271,29.69911764705882,0,0,31.0,1,0,0,0,1,0,0,1
272,25.0,0,0,0.0,0,0,1,0,1,0,0,1
273,41.0,0,1,19.5,0,1,0,1,0,0,0,1
274,37.0,0,1,29.7,1,0,0,0,1,1,0,0
275,29.69911764705882,0,0,7.75,0,0,1,1,0,0,1,0
276,63.0,1,0,77.9583,1,0,0,1,0,0,0,1
277,45.0,0,0,7.75,0,0,1,1,0,0,0,1
278,29.69911764705882,0,0,0.0,0,1,0,0,1,0,0,1
279,7.0,4,1,29.125,0,0,1,0,1,0,1,0
280,35.0,1,1,20.25,0,0,1,1,0,0,0,1
281,65.0,0,0,7.75,0,0,1,0,1,0,1,0
282,28.0,0,0,7.8542,0,0,1,0,1,0,0,1
283,16.0,0,0,9.5,0,0,1,0,1,0,0,1
284,19.0,0,0,8.05,0,0,1,0,1,0,0,1
285,29.69911764705882,0,0,26.0,1,0,0,0,1,0,0,1
286,33.0,0,0,8.6625,0,0,1,0,1,1,0,0
287,30.0,0,0,9.5,0,0,1,0,1,0,0,1
288,22.0,0,0,7.8958,0,0,1,0,1,0,0,1
289,42.0,0,0,13.0,0,1,0,0,1,0,0,1
290,22.0,0,0,7.75,0,0,1,1,0,0,1,0
291,26.0,0,0,78.85,1,0,0,1,0,0,0,1
292,19.0,1,0,91.0792,1,0,0,1,0,1,0,0
293,36.0,0,0,12.875,0,1,0,0,1,1,0,0
294,24.0,0,0,8.85,0,0,1,1,0,0,0,1
295,24.0,0,0,7.8958,0,0,1,0,1,0,0,1
296,29.69911764705882,0,0,27.7208,1,0,0,0,1,1,0,0
297,23.5,0,0,7.2292,0,0,1,0,1,1,0,0
298,2.0,1,2,151.55,1,0,0,1,0,0,0,1
299,29.69911764705882,0,0,30.5,1,0,0,0,1,0,0,1
300,50.0,0,1,247.5208,1,0,0,1,0,1,0,0
301,29.69911764705882,0,0,7.75,0,0,1,1,0,0,1,0
302,29.69911764705882,2,0,23.25,0,0,1,0,1,0,1,0
303,19.0,0,0,0.0,0,0,1,0,1,0,0,1
304,29.69911764705882,0,0,12.35,0,1,0,1,0,0,1,0
305,29.69911764705882,0,0,8.05,0,0,1,0,1,0,0,1
306,0.92,1,2,151.55,1,0,0,0,1,0,0,1
307,29.69911764705882,0,0,110.8833,1,0,0,1,0,1,0,0
308,17.0,1,0,108.9,1,0,0,1,0,1,0,0
309,30.0,1,0,24.0,0,1,0,0,1,1,0,0
310,30.0,0,0,56.9292,1,0,0,1,0,1,0,0
311,24.0,0,0,83.1583,1,0,0,1,0,1,0,0
312,18.0,2,2,262.375,1,0,0,1,0,1,0,0
313,26.0,1,1,26.0,0,1,0,1,0,0,0,1
314,28.0,0,0,7.8958,0,0,1,0,1,0,0,1
315,43.0,1,1,26.25,0,1,0,0,1,0,0,1
316,26.0,0,0,7.8542,0,0,1,1,0,0,0,1
317,24.0,1,0,26.0,0,1,0,1,0,0,0,1
318,54.0,0,0,14.0,0,1,0,0,1,0,0,1
319,31.0,0,2,164.8667,1,0,0,1,0,0,0,1
320,40.0,1,1,134.5,1,0,0,1,0,1,0,0
321,22.0,0,0,7.25,0,0,1,0,1,0,0,1
322,27.0,0,0,7.8958,0,0,1,0,1,0,0,1
323,30.0,0,0,12.35,0,1,0,1,0,0,1,0
324,22.0,1,1,29.0,0,1,0,1,0,0,0,1
325,29.69911764705882,8,2,69.55,0,0,1,0,1,0,0,1
326,36.0,0,0,135.6333,1,0,0,1,0,1,0,0
327,61.0,0,0,6.2375,0,0,1,0,1,0,0,1
328,36.0,0,0,13.0,0,1,0,1,0,0,0,1
329,31.0,1,1,20.525,0,0,1,1,0,0,0,1
330,16.0,0,1,57.9792,1,0,0,1,0,1,0,0
331,29.69911764705882,2,0,23.25,0,0,1,1,0,0,1,0
332,45.5,0,0,28.5,1,0,0,0,1,0,0,1
333,38.0,0,1,153.4625,1,0,0,0,1,0,0,1
334,16.0,2,0,18.0,0,0,1,0,1,0,0,1
335,29.69911764705882,1,0,133.65,1,0,0,1,0,0,0,1
336,29.69911764705882,0,0,7.8958,0,0,1,0,1,0,0,1
337,29.0,1,0,66.6,1,0,0,0,1,0,0,1
338,41.0,0,0,134.5,1,0,0,1,0,1,0,0
339,45.0,0,0,8.05,0,0,1,0,1,0,0,1
340,45.0,0,0,35.5,1,0,0,0,1,0,0,1
341,2.0,1,1,26.0,0,1,0,0,1,0,0,1
342,24.0,3,2,263.0,1,0,0,1,0,0,0,1
343,28.0,0,0,13.0,0,1,0,0,1,0,0,1
344,25.0,0,0,13.0,0,1,0,0,1,0,0,1
345,36.0,0,0,13.0,0,1,0,0,1,0,0,1
346,24.0,0,0,13.0,0,1,0,1,0,0,0,1
347,40.0,0,0,13.0,0,1,0,1,0,0,0,1
348,29.69911764705882,1,0,16.1,0,0,1,1,0,0,0,1
349,3.0,1,1,15.9,0,0,1,0,1,0,0,1
350,42.0,0,0,8.6625,0,0,1,0,1,0,0,1
351,23.0,0,0,9.225,0,0,1,0,1,0,0,1
352,29.69911764705882,0,0,35.0,1,0,0,0,1,0,0,1
353,15.0,1,1,7.2292,0,0,1,0,1,1,0,0
354,25.0,1,0,17.8,0,0,1,0,1,0,0,1
355,29.69911764705882,0,0,7.225,0,0,1,0,1,1,0,0
356,28.0,0,0,9.5,0,0,1,0,1,0,0,1
357,22.0,0,1,55.0,1,0,0,1,0,0,0,1
358,38.0,0,0,13.0,0,1,0,1,0,0,0,1
359,29.69911764705882,0,0,7.8792,0,0,1,1,0,0,1,0
360,29.69911764705882,0,0,7.8792,0,0,1,1,0,0,1,0
361,40.0,1,4,27.9,0,0,1,0,1,0,0,1
362,29.0,1,0,27.7208,0,1,0,0,1,1,0,0
363,45.0,0,1,14.4542,0,0,1,1,0,1,0,0
364,35.0,0,0,7.05,0,0,1,0,1,0,0,1
365,29.69911764705882,1,0,15.5,0,0,1,0,1,0,1,0
366,30.0,0,0,7.25,0,0,1,0,1,0,0,1
367,60.0,1,0,75.25,1,0,0,1,0,1,0,0
368,29.69911764705882,0,0,7.2292,0,0,1,1,0,1,0,0
369,29.69911764705882,0,0,7.75,0,0,1,1,0,0,1,0
370,24.0,0,0,69.3,1,0,0,1,0,1,0,0
371,25.0,1,0,55.4417,1,0,0,0,1,1,0,0
372,18.0,1,0,6.4958,0,0,1,0,1,0,0,1
373,19.0,0,0,8.05,0,0,1,0,1,0,0,1
374,22.0,0,0,135.6333,1,0,0,0,1,1,0,0
375,3.0,3,1,21.075,0,0,1,1,0,0,0,1
376,29.69911764705882,1,0,82.1708,1,0,0,1,0,1,0,0
377,22.0,0,0,7.25,0,0,1,1,0,0,0,1
378,27.0,0,2,211.5,1,0,0,0,1,1,0,0
379,20.0,0,0,4.0125,0,0,1,0,1,1,0,0
380,19.0,0,0,7.775,0,0,1,0,1,0,0,1
381,42.0,0,0,227.525,1,0,0,1,0,1,0,0
382,1.0,0,2,15.7417,0,0,1,1,0,1,0,0
383,32.0,0,0,7.925,0,0,1,0,1,0,0,1
384,35.0,1,0,52.0,1,0,0,1,0,0,0,1
385,29.69911764705882,0,0,7.8958,0,0,1,0,1,0,0,1
386,18.0,0,0,73.5,0,1,0,0,1,0,0,1
387,1.0,5,2,46.9,0,0,1,0,1,0,0,1
388,36.0,0,0,13.0,0,1,0,1,0,0,0,1
389,29.69911764705882,0,0,7.7292,0,0,1,0,1,0,1,0
390,17.0,0,0,12.0,0,1,0,1,0,1,0,0
391,36.0,1,2,120.0,1,0,0,0,1,0,0,1
392,21.0,0,0,7.7958,0,0,1,0,1,0,0,1
393,28.0,2,0,7.925,0,0,1,0,1,0,0,1
394,23.0,1,0,113.275,1,0,0,1,0,1,0,0
395,24.0,0,2,16.7,0,0,1,1,0,0,0,1
396,22.0,0,0,7.7958,0,0,1,0,1,0,0,1
397,31.0,0,0,7.8542,0,0,1,1,0,0,0,1
398,46.0,0,0,26.0,0,1,0,0,1,0,0,1
399,23.0,0,0,10.5,0,1,0,0,1,0,0,1
400,28.0,0,0,12.65,0,1,0,1,0,0,0,1
401,39.0,0,0,7.925,0,0,1,0,1,0,0,1
402,26.0,0,0,8.05,0,0,1,0,1,0,0,1
403,21.0,1,0,9.825,0,0,1,1,0,0,0,1
404,28.0,1,0,15.85,0,0,1,0,1,0,0,1
405,20.0,0,0,8.6625,0,0,1,1,0,0,0,1
406,34.0,1,0,21.0,0,1,0,0,1,0,0,1
407,51.0,0,0,7.75,0,0,1,0,1,0,0,1
408,3.0,1,1,18.75,0,1,0,0,1,0,0,1
409,21.0,0,0,7.775,0,0,1,0,1,0,0,1
410,29.69911764705882,3,1,25.4667,0,0,1,1,0,0,0,1
411,29.69911764705882,0,0,7.8958,0,0,1,0,1,0,0,1
412,29.69911764705882,0,0,6.8583,0,0,1,0,1,0,1,0
413,33.0,1,0,90.0,1,0,0,1,0,0,1,0
414,29.69911764705882,0,0,0.0,0,1,0,0,1,0,0,1
415,44.0,0,0,7.925,0,0,1,0,1,0,0,1
416,29.69911764705882,0,0,8.05,0,0,1,1,0,0,0,1
417,34.0,1,1,32.5,0,1,0,1,0,0,0,1
418,18.0,0,2,13.0,0,1,0,1,0,0,0,1
419,30.0,0,0,13.0,0,1,0,0,1,0,0,1
420,10.0,0,2,24.15,0,0,1,1,0,0,0,1
421,29.69911764705882,0,0,7.8958,0,0,1,0,1,1,0,0
422,21.0,0,0,7.7333,0,0,1,0,1,0,1,0
423,29.0,0,0,7.875,0,0,1,0,1,0,0,1
424,28.0,1,1,14.4,0,0,1,1,0,0,0,1
425,18.0,1,1,20.2125,0,0,1,0,1,0,0,1
426,29.69911764705882,0,0,7.25,0,0,1,0,1,0,0,1
427,28.0,1,0,26.0,0,1,0,1,0,0,0,1
428,19.0,0,0,26.0,0,1,0,1,0,0,0,1
429,29.69911764705882,0,0,7.75,0,0,1,0,1,0,1,0
430,32.0,0,0,8.05,0,0,1,0,1,0,0,1
431,28.0,0,0,26.55,1,0,0,0,1,0,0,1
432,29.69911764705882,1,0,16.1,0,0,1,1,0,0,0,1
433,42.0,1,0,26.0,0,1,0,1,0,0,0,1
434,17.0,0,0,7.125,0,0,1,0,1,0,0,1
435,50.0,1,0,55.9,1,0,0,0,1,0,0,1
436,14.0,1,2,120.0,1,0,0,1,0,0,0,1
437,21.0,2,2,34.375,0,0,1,1,0,0,0,1
438,24.0,2,3,18.75,0,1,0,1,0,0,0,1
439,64.0,1,4,263.0,1,0,0,0,1,0,0,1
440,31.0,0,0,10.5,0,1,0,0,1,0,0,1
441,45.0,1,1,26.25,0,1,0,1,0,0,0,1
442,20.0,0,0,9.5,0,0,1,0,1,0,0,1
443,25.0,1,0,7.775,0,0,1,0,1,0,0,1
444,28.0,0,0,13.0,0,1,0,1,0,0,0,1
445,29.69911764705882,0,0,8.1125,0,0,1,0,1,0,0,1
446,4.0,0,2,81.8583,1,0,0,0,1,0,0,1
447,13.0,0,1,19.5,0,1,0,1,0,0,0,1
448,34.0,0,0,26.55,1,0,0,0,1,0,0,1
449,5.0,2,1,19.2583,0,0,1,1,0,1,0,0
450,52.0,0,0,30.5,1,0,0,0,1,0,0,1
451,36.0,1,2,27.75,0,1,0,0,1,0,0,1
452,29.69911764705882,1,0,19.9667,0,0,1,0,1,0,0,1
453,30.0,0,0,27.75,1,0,0,0,1,1,0,0
454,49.0,1,0,89.1042,1,0,0,0,1,1,0,0
455,29.69911764705882,0,0,8.05,0,0,1,0,1,0,0,1
456,29.0,0,0,7.8958,0,0,1,0,1,1,0,0
457,65.0,0,0,26.55,1,0,0,0,1,0,0,1
458,29.69911764705882,1,0,51.8625,1,0,0,1,0,0,0,1
459,50.0,0,0,10.5,0,1,0,1,0,0,0,1
460,29.69911764705882,0,0,7.75,0,0,1,0,1,0,1,0
461,48.0,0,0,26.55,1,0,0,0,1,0,0,1
462,34.0,0,0,8.05,0,0,1,0,1,0,0,1
463,47.0,0,0,38.5,1,0,0,0,1,0,0,1
464,48.0,0,0,13.0,0,1,0,0,1,0,0,1
465,29.69911764705882,0,0,8.05,0,0,1,0,1,0,0,1
466,38.0,0,0,7.05,0,0,1,0,1,0,0,1
467,29.69911764705882,0,0,0.0,0,1,0,0,1,0,0,1
468,56.0,0,0,26.55,1,0,0,0,1,0,0,1
469,29.69911764705882,0,0,7.725,0,0,1,0,1,0,1,0
470,0.75,2,1,19.2583,0,0,1,1,0,1,0,0
471,29.69911764705882,0,0,7.25,0,0,1,0,1,0,0,1
472,38.0,0,0,8.6625,0,0,1,0,1,0,0,1
473,33.0,1,2,27.75,0,1,0,1,0,0,0,1
474,23.0,0,0,13.7917,0,1,0,1,0,1,0,0
475,22.0,0,0,9.8375,0,0,1,1,0,0,0,1
476,29.69911764705882,0,0,52.0,1,0,0,0,1,0,0,1
477,34.0,1,0,21.0,0,1,0,0,1,0,0,1
478,29.0,1,0,7.0458,0,0,1,0,1,0,0,1
479,22.0,0,0,7.5208,0,0,1,0,1,0,0,1
480,2.0,0,1,12.2875,0,0,1,1,0,0,0,1
481,9.0,5,2,46.9,0,0,1,0,1,0,0,1
482,29.69911764705882,0,0,0.0,0,1,0,0,1,0,0,1
483,50.0,0,0,8.05,0,0,1,0,1,0,0,1
484,63.0,0,0,9.5875,0,0,1,1,0,0,0,1
485,25.0,1,0,91.0792,1,0,0,0,1,1,0,0
486,29.69911764705882,3,1,25.4667,0,0,1,1,0,0,0,1
487,35.0,1,0,90.0,1,0,0,1,0,0,0,1
488,58.0,0,0,29.7,1,0,0,0,1,1,0,0
489,30.0,0,0,8.05,0,0,1,0,1,0,0,1
490,9.0,1,1,15.9,0,0,1,0,1,0,0,1
491,29.69911764705882,1,0,19.9667,0,0,1,0,1,0,0,1
492,21.0,0,0,7.25,0,0,1,0,1,0,0,1
493,55.0,0,0,30.5,1,0,0,0,1,0,0,1
494,71.0,0,0,49.5042,1,0,0,0,1,1,0,0
495,21.0,0,0,8.05,0,0,1,0,1,0,0,1
496,29.69911764705882,0,0,14.4583,0,0,1,0,1,1,0,0
497,54.0,1,0,78.2667,1,0,0,1,0,1,0,0
498,29.69911764705882,0,0,15.1,0,0,1,0,1,0,0,1
499,25.0,1,2,151.55,1,0,0,1,0,0,0,1
500,24.0,0,0,7.7958,0,0,1,0,1,0,0,1
501,17.0,0,0,8.6625,0,0,1,0,1,0,0,1
502,21.0,0,0,7.75,0,0,1,1,0,0,1,0
503,29.69911764705882,0,0,7.6292,0,0,1,1,0,0,1,0
504,37.0,0,0,9.5875,0,0,1,1,0,0,0,1
505,16.0,0,0,86.5,1,0,0,1,0,0,0,1
506,18.0,1,0,108.9,1,0,0,0,1,1,0,0
507,33.0,0,2,26.0,0,1,0,1,0,0,0,1
508,29.69911764705882,0,0,26.55,1,0,0,0,1,0,0,1
509,28.0,0,0,22.525,0,0,1,0,1,0,0,1
510,26.0,0,0,56.4958,0,0,1,0,1,0,0,1
511,29.0,0,0,7.75,0,0,1,0,1,0,1,0
512,29.69911764705882,0,0,8.05,0,0,1,0,1,0,0,1
513,36.0,0,0,26.2875,1,0,0,0,1,0,0,1
514,54.0,1,0,59.4,1,0,0,1,0,1,0,0
515,24.0,0,0,7.4958,0,0,1,0,1,0,0,1
516,47.0,0,0,34.0208,1,0,0,0,1,0,0,1
517,34.0,0,0,10.5,0,1,0,1,0,0,0,1
518,29.69911764705882,0,0,24.15,0,0,1,0,1,0,1,0
519,36.0,1,0,26.0,0,1,0,1,0,0,0,1
520,32.0,0,0,7.8958,0,0,1,0,1,0,0,1
521,30.0,0,0,93.5,1,0,0,1,0,0,0,1
522,22.0,0,0,7.8958,0,0,1,0,1,0,0,1
523,29.69911764705882,0,0,7.225,0,0,1,0,1,1,0,0
524,44.0,0,1,57.9792,1,0,0,1,0,1,0,0
525,29.69911764705882,0,0,7.2292,0,0,1,0,1,1,0,0
526,40.5,0,0,7.75,0,0,1,0,1,0,1,0
527,50.0,0,0,10.5,0,1,0,1,0,0,0,1
528,29.69911764705882,0,0,221.7792,1,0,0,0,1,0,0,1
529,39.0,0,0,7.925,0,0,1,0,1,0,0,1
530,23.0,2,1,11.5,0,1,0,0,1,0,0,1
531,2.0,1,1,26.0,0,1,0,1,0,0,0,1
532,29.69911764705882,0,0,7.2292,0,0,1,0,1,1,0,0
533,17.0,1,1,7.2292,0,0,1,0,1,1,0,0
534,29.69911764705882,0,2,22.3583,0,0,1,1,0,1,0,0
535,30.0,0,0,8.6625,0,0,1,1,0,0,0,1
536,7.0,0,2,26.25,0,1,0,1,0,0,0,1
537,45.0,0,0,26.55,1,0,0,0,1,0,0,1
538,30.0,0,0,106.425,1,0,0,1,0,1,0,0
539,29.69911764705882,0,0,14.5,0,0,1,0,1,0,0,1
540,22.0,0,2,49.5,1,0,0,1,0,1,0,0
541,36.0,0,2,71.0,1,0,0,1,0,0,0,1
542,9.0,4,2,31.275,0,0,1,1,0,0,0,1
543,11.0,4,2,31.275,0,0,1,1,0,0,0,1
544,32.0,1,0,26.0,0,1,0,0,1,0,0,1
545,50.0,1,0,106.425,1,0,0,0,1,1,0,0
546,64.0,0,0,26.0,1,0,0,0,1,0,0,1
547,19.0,1,0,26.0,0,1,0,1,0,0,0,1
548,29.69911764705882,0,0,13.8625,0,1,0,0,1,1,0,0
549,33.0,1,1,20.525,0,0,1,0,1,0,0,1
550,8.0,1,1,36.75,0,1,0,0,1,0,0,1
551,17.0,0,2,110.8833,1,0,0,0,1,1,0,0
552,27.0,0,0,26.0,0,1,0,0,1,0,0,1
553,29.69911764705882,0,0,7.8292,0,0,1,0,1,0,1,0
554,22.0,0,0,7.225,0,0,1,0,1,1,0,0
555,22.0,0,0,7.775,0,0,1,1,0,0,0,1
556,62.0,0,0,26.55,1,0,0,0,1,0,0,1
557,48.0,1,0,39.6,1,0,0,1,0,1,0,0
558,29.69911764705882,0,0,227.525,1,0,0,0,1,1,0,0
559,39.0,1,1,79.65,1,0,0,1,0,0,0,1
560,36.0,1,0,17.4,0,0,1,1,0,0,0,1
561,29.69911764705882,0,0,7.75,0,0,1,0,1,0,1,0
562,40.0,0,0,7.8958,0,0,1,0,1,0,0,1
563,28.0,0,0,13.5,0,1,0,0,1,0,0,1
564,29.69911764705882,0,0,8.05,0,0,1,0,1,0,0,1
565,29.69911764705882,0,0,8.05,0,0,1,1,0,0,0,1
566,24.0,2,0,24.15,0,0,1,0,1,0,0,1
567,19.0,0,0,7.8958,0,0,1,0,1,0,0,1
568,29.0,0,4,21.075,0,0,1,1,0,0,0,1
569,29.69911764705882,0,0,7.2292,0,0,1,0,1,1,0,0
570,32.0,0,0,7.8542,0,0,1,0,1,0,0,1
571,62.0,0,0,10.5,0,1,0,0,1,0,0,1
572,53.0,2,0,51.4792,1,0,0,1,0,0,0,1
573,36.0,0,0,26.3875,1,0,0,0,1,0,0,1
574,29.69911764705882,0,0,7.75,0,0,1,1,0,0,1,0
575,16.0,0,0,8.05,0,0,1,0,1,0,0,1
576,19.0,0,0,14.5,0,0,1,0,1,0,0,1
577,34.0,0,0,13.0,0,1,0,1,0,0,0,1
578,39.0,1,0,55.9,1,0,0,1,0,0,0,1
579,29.69911764705882,1,0,14.4583,0,0,1,1,0,1,0,0
580,32.0,0,0,7.925,0,0,1,0,1,0,0,1
581,25.0,1,1,30.0,0,1,0,1,0,0,0,1
582,39.0,1,1,110.8833,1,0,0,1,0,1,0,0
583,54.0,0,0,26.0,0,1,0,0,1,0,0,1
584,36.0,0,0,40.125,1,0,0,0,1,1,0,0
585,29.69911764705882,0,0,8.7125,0,0,1,0,1,1,0,0
586,18.0,0,2,79.65,1,0,0,1,0,0,0,1
587,47.0,0,0,15.0,0,1,0,0,1,0,0,1
588,60.0,1,1,79.2,1,0,0,0,1,1,0,0
589,22.0,0,0,8.05,0,0,1,0,1,0,0,1
590,29.69911764705882,0,0,8.05,0,0,1,0,1,0,0,1
591,35.0,0,0,7.125,0,0,1,0,1,0,0,1
592,52.0,1,0,78.2667,1,0,0,1,0,1,0,0
593,47.0,0,0,7.25,0,0,1,0,1,0,0,1
594,29.69911764705882,0,2,7.75,0,0,1,1,0,0,1,0
595,37.0,1,0,26.0,0,1,0,0,1,0,0,1
596,36.0,1,1,24.15,0,0,1,0,1,0,0,1
597,29.69911764705882,0,0,33.0,0,1,0,1,0,0,0,1
598,49.0,0,0,0.0,0,0,1,0,1,0,0,1
599,29.69911764705882,0,0,7.225,0,0,1,0,1,1,0,0
600,49.0,1,0,56.9292,1,0,0,0,1,1,0,0
601,24.0,2,1,27.0,0,1,0,1,0,0,0,1
602,29.69911764705882,0,0,7.8958,0,0,1,0,1,0,0,1
603,29.69911764705882,0,0,42.4,1,0,0,0,1,0,0,1
604,44.0,0,0,8.05,0,0,1,0,1,0,0,1
605,35.0,0,0,26.55,1,0,0,0,1,1,0,0
606,36.0,1,0,15.55,0,0,1,0,1,0,0,1
607,30.0,0,0,7.8958,0,0,1,0,1,0,0,1
608,27.0,0,0,30.5,1,0,0,0,1,0,0,1
609,22.0,1,2,41.5792,0,1,0,1,0,1,0,0
610,40.0,0,0,153.4625,1,0,0,1,0,0,0,1
611,39.0,1,5,31.275,0,0,1,1,0,0,0,1
612,29.69911764705882,0,0,7.05,0,0,1,0,1,0,0,1
613,29.69911764705882,1,0,15.5,0,0,1,1,0,0,1,0
614,29.69911764705882,0,0,7.75,0,0,1,0,1,0,1,0
615,35.0,0,0,8.05,0,0,1,0,1,0,0,1
616,24.0,1,2,65.0,0,1,0,1,0,0,0,1
617,34.0,1,1,14.4,0,0,1,0,1,0,0,1
618,26.0,1,0,16.1,0,0,1,1,0,0,0,1
619,4.0,2,1,39.0,0,1,0,1,0,0,0,1
620,26.0,0,0,10.5,0,1,0,0,1,0,0,1
621,27.0,1,0,14.4542,0,0,1,0,1,1,0,0
622,42.0,1,0,52.5542,1,0,0,0,1,0,0,1
623,20.0,1,1,15.7417,0,0,1,0,1,1,0,0
624,21.0,0,0,7.8542,0,0,1,0,1,0,0,1
625,21.0,0,0,16.1,0,0,1,0,1,0,0,1
626,61.0,0,0,32.3208,1,0,0,0,1,0,0,1
627,57.0,0,0,12.35,0,1,0,0,1,0,1,0
628,21.0,0,0,77.9583,1,0,0,1,0,0,0,1
629,26.0,0,0,7.8958,0,0,1,0,1,0,0,1
630,29.69911764705882,0,0,7.7333,0,0,1,0,1,0,1,0
631,80.0,0,0,30.0,1,0,0,0,1,0,0,1
632,51.0,0,0,7.0542,0,0,1,0,1,0,0,1
633,32.0,0,0,30.5,1,0,0,0,1,1,0,0
634,29.69911764705882,0,0,0.0,1,0,0,0,1,0,0,1
635,9.0,3,2,27.9,0,0,1,1,0,0,0,1
636,28.0,0,0,13.0,0,1,0,1,0,0,0,1
637,32.0,0,0,7.925,0,0,1,0,1,0,0,1
638,31.0,1,1,26.25,0,1,0,0,1,0,0,1
639,41.0,0,5,39.6875,0,0,1,1,0,0,0,1
640,29.69911764705882,1,0,16.1,0,0,1,0,1,0,0,1
641,20.0,0,0,7.8542,0,0,1,0,1,0,0,1
642,24.0,0,0,69.3,1,0,0,1,0,1,0,0
643,2.0,3,2,27.9,0,0,1,1,0,0,0,1
644,29.69911764705882,0,0,56.4958,0,0,1,0,1,0,0,1
645,0.75,2,1,19.2583,0,0,1,1,0,1,0,0
646,48.0,1,0,76.7292,1,0,0,0,1,1,0,0
647,19.0,0,0,7.8958,0,0,1,0,1,0,0,1
648,56.0,0,0,35.5,1,0,0,0,1,1,0,0
649,29.69911764705882,0,0,7.55,0,0,1,0,1,0,0,1
650,23.0,0,0,7.55,0,0,1,1,0,0,0,1
651,29.69911764705882,0,0,7.8958,0,0,1,0,1,0,0,1
652,18.0,0,1,23.0,0,1,0,1,0,0,0,1
653,21.0,0,0,8.4333,0,0,1,0,1,0,0,1
654,29.69911764705882,0,0,7.8292,0,0,1,1,0,0,1,0
655,18.0,0,0,6.75,0,0,1,1,0,0,1,0
656,24.0,2,0,73.5,0,1,0,0,1,0,0,1
657,29.69911764705882,0,0,7.8958,0,0,1,0,1,0,0,1
658,32.0,1,1,15.5,0,0,1,1,0,0,1,0
659,23.0,0,0,13.0,0,1,0,0,1,0,0,1
660,58.0,0,2,113.275,1,0,0,0,1,1,0,0
661,50.0,2,0,133.65,1,0,0,0,1,0,0,1
662,40.0,0,0,7.225,0,0,1,0,1,1,0,0
663,47.0,0,0,25.5875,1,0,0,0,1,0,0,1
664,36.0,0,0,7.4958,0,0,1,0,1,0,0,1
665,20.0,1,0,7.925,0,0,1,0,1,0,0,1
666,32.0,2,0,73.5,0,1,0,0,1,0,0,1
667,25.0,0,0,13.0,0,1,0,0,1,0,0,1
668,29.69911764705882,0,0,7.775,0,0,1,0,1,0,0,1
669,43.0,0,0,8.05,0,0,1,0,1,0,0,1
670,29.69911764705882,1,0,52.0,1,0,0,1,0,0,0,1
671,40.0,1,1,39.0,0,1,0,1,0,0,0,1
672,31.0,1,0,52.0,1,0,0,0,1,0,0,1
673,70.0,0,0,10.5,0,1,0,0,1,0,0,1
674,31.0,0,0,13.0,0,1,0,0,1,0,0,1
675,29.69911764705882,0,0,0.0,0,1,0,0,1,0,0,1
676,18.0,0,0,7.775,0,0,1,0,1,0,0,1
677,24.5,0,0,8.05,0,0,1,0,1,0,0,1
678,18.0,0,0,9.8417,0,0,1,1,0,0,0,1
679,43.0,1,6,46.9,0,0,1,1,0,0,0,1
680,36.0,0,1,512.3292,1,0,0,0,1,1,0,0
681,29.69911764705882,0,0,8.1375,0,0,1,1,0,0,1,0
682,27.0,0,0,76.7292,1,0,0,0,1,1,0,0
683,20.0,0,0,9.225,0,0,1,0,1,0,0,1
684,14.0,5,2,46.9,0,0,1,0,1,0,0,1
685,60.0,1,1,39.0,0,1,0,0,1,0,0,1
686,25.0,1,2,41.5792,0,1,0,0,1,1,0,0
687,14.0,4,1,39.6875,0,0,1,0,1,0,0,1
688,19.0,0,0,10.1708,0,0,1,0,1,0,0,1
689,18.0,0,0,7.7958,0,0,1,0,1,0,0,1
690,15.0,0,1,211.3375,1,0,0,1,0,0,0,1
691,31.0,1,0,57.0,1,0,0,0,1,0,0,1
692,4.0,0,1,13.4167,0,0,1,1,0,1,0,0
693,29.69911764705882,0,0,56.4958,0,0,1,0,1,0,0,1
694,25.0,0,0,7.225,0,0,1,0,1,1,0,0
695,60.0,0,0,26.55,1,0,0,0,1,0,0,1
696,52.0,0,0,13.5,0,1,0,0,1,0,0,1
697,44.0,0,0,8.05,0,0,1,0,1,0,0,1
698,29.69911764705882,0,0,7.7333,0,0,1,1,0,0,1,0
699,49.0,1,1,110.8833,1,0,0,0,1,1,0,0
700,42.0,0,0,7.65,0,0,1,0,1,0,0,1
701,18.0,1,0,227.525,1,0,0,1,0,1,0,0
702,35.0,0,0,26.2875,1,0,0,0,1,0,0,1
703,18.0,0,1,14.4542,0,0,1,1,0,1,0,0
704,25.0,0,0,7.7417,0,0,1,0,1,0,1,0
705,26.0,1,0,7.8542,0,0,1,0,1,0,0,1
706,39.0,0,0,26.0,0,1,0,0,1,0,0,1
707,45.0,0,0,13.5,0,1,0,1,0,0,0,1
708,42.0,0,0,26.2875,1,0,0,0,1,0,0,1
709,22.0,0,0,151.55,1,0,0,1,0,0,0,1
710,29.69911764705882,1,1,15.2458,0,0,1,0,1,1,0,0
711,24.0,0,0,49.5042,1,0,0,1,0,1,0,0
712,29.69911764705882,0,0,26.55,1,0,0,0,1,0,0,1
713,48.0,1,0,52.0,1,0,0,0,1,0,0,1
714,29.0,0,0,9.4833,0,0,1,0,1,0,0,1
715,52.0,0,0,13.0,0,1,0,0,1,0,0,1
716,19.0,0,0,7.65,0,0,1,0,1,0,0,1
717,38.0,0,0,227.525,1,0,0,1,0,1,0,0
718,27.0,0,0,10.5,0,1,0,1,0,0,0,1
719,29.69911764705882,0,0,15.5,0,0,1,0,1,0,1,0
720,33.0,0,0,7.775,0,0,1,0,1,0,0,1
721,6.0,0,1,33.0,0,1,0,1,0,0,0,1
722,17.0,1,0,7.0542,0,0,1,0,1,0,0,1
723,34.0,0,0,13.0,0,1,0,0,1,0,0,1
724,50.0,0,0,13.0,0,1,0,0,1,0,0,1
725,27.0,1,0,53.1,1,0,0,0,1,0,0,1
726,20.0,0,0,8.6625,0,0,1,0,1,0,0,1
727,30.0,3,0,21.0,0,1,0,1,0,0,0,1
728,29.69911764705882,0,0,7.7375,0,0,1,1,0,0,1,0
729,25.0,1,0,26.0,0,1,0,0,1,0,0,1
730,25.0,1,0,7.925,0,0,1,1,0,0,0,1
731,29.0,0,0,211.3375,1,0,0,1,0,0,0,1
732,11.0,0,0,18.7875,0,0,1,0,1,1,0,0
733,29.69911764705882,0,0,0.0,0,1,0,0,1,0,0,1
734,23.0,0,0,13.0,0,1,0,0,1,0,0,1
735,23.0,0,0,13.0,0,1,0,0,1,0,0,1
736,28.5,0,0,16.1,0,0,1,0,1,0,0,1
737,48.0,1,3,34.375,0,0,1,1,0,0,0,1
738,35.0,0,0,512.3292,1,0,0,0,1,1,0,0
739,29.69911764705882,0,0,7.8958,0,0,1,0,1,0,0,1
740,29.69911764705882,0,0,7.8958,0,0,1,0,1,0,0,1
741,29.69911764705882,0,0,30.0,1,0,0,0,1,0,0,1
742,36.0,1,0,78.85,1,0,0,0,1,0,0,1
743,21.0,2,2,262.375,1,0,0,1,0,1,0,0
744,24.0,1,0,16.1,0,0,1,0,1,0,0,1
745,31.0,0,0,7.925,0,0,1,0,1,0,0,1
746,70.0,1,1,71.0,1,0,0,0,1,0,0,1
747,16.0,1,1,20.25,0,0,1,0,1,0,0,1
748,30.0,0,0,13.0,0,1,0,1,0,0,0,1
749,19.0,1,0,53.1,1,0,0,0,1,0,0,1
750,31.0,0,0,7.75,0,0,1,0,1,0,1,0
751,4.0,1,1,23.0,0,1,0,1,0,0,0,1
752,6.0,0,1,12.475,0,0,1,0,1,0,0,1
753,33.0,0,0,9.5,0,0,1,0,1,0,0,1
754,23.0,0,0,7.8958,0,0,1,0,1,0,0,1
755,48.0,1,2,65.0,0,1,0,1,0,0,0,1
756,0.67,1,1,14.5,0,1,0,0,1,0,0,1
757,28.0,0,0,7.7958,0,0,1,0,1,0,0,1
758,18.0,0,0,11.5,0,1,0,0,1,0,0,1
759,34.0,0,0,8.05,0,0,1,0,1,0,0,1
760,33.0,0,0,86.5,1,0,0,1,0,0,0,1
761,29.69911764705882,0,0,14.5,0,0,1,0,1,0,0,1
762,41.0,0,0,7.125,0,0,1,0,1,0,0,1
763,20.0,0,0,7.2292,0,0,1,0,1,1,0,0
764,36.0,1,2,120.0,1,0,0,1,0,0,0,1
765,16.0,0,0,7.775,0,0,1,0,1,0,0,1
766,51.0,1,0,77.9583,1,0,0,1,0,0,0,1
767,29.69911764705882,0,0,39.6,1,0,0,0,1,1,0,0
768,30.5,0,0,7.75,0,0,1,1,0,0,1,0
769,29.69911764705882,1,0,24.15,0,0,1,0,1,0,1,0
770,32.0,0,0,8.3625,0,0,1,0,1,0,0,1
771,24.0,0,0,9.5,0,0,1,0,1,0,0,1
772,48.0,0,0,7.8542,0,0,1,0,1,0,0,1
773,57.0,0,0,10.5,0,1,0,1,0,0,0,1
774,29.69911764705882,0,0,7.225,0,0,1,0,1,1,0,0
775,54.0,1,3,23.0,0,1,0,1,0,0,0,1
776,18.0,0,0,7.75,0,0,1,0,1,0,0,1
777,29.69911764705882,0,0,7.75,0,0,1,0,1,0,1,0
778,5.0,0,0,12.475,0,0,1,1,0,0,0,1
779,29.69911764705882,0,0,7.7375,0,0,1,0,1,0,1,0
780,43.0,0,1,211.3375,1,0,0,1,0,0,0,1
781,13.0,0,0,7.2292,0,0,1,1,0,1,0,0
782,17.0,1,0,57.0,1,0,0,1,0,0,0,1
783,29.0,0,0,30.0,1,0,0,0,1,0,0,1
784,29.69911764705882,1,2,23.45,0,0,1,0,1,0,0,1
785,25.0,0,0,7.05,0,0,1,0,1,0,0,1
786,25.0,0,0,7.25,0,0,1,0,1,0,0,1
787,18.0,0,0,7.4958,0,0,1,1,0,0,0,1
788,8.0,4,1,29.125,0,0,1,0,1,0,1,0
789,1.0,1,2,20.575,0,0,1,0,1,0,0,1
790,46.0,0,0,79.2,1,0,0,0,1,1,0,0
791,29.69911764705882,0,0,7.75,0,0,1,0,1,0,1,0
792,16.0,0,0,26.0,0,1,0,0,1,0,0,1
793,29.69911764705882,8,2,69.55,0,0,1,1,0,0,0,1
794,29.69911764705882,0,0,30.6958,1,0,0,0,1,1,0,0
795,25.0,0,0,7.8958,0,0,1,0,1,0,0,1
796,39.0,0,0,13.0,0,1,0,0,1,0,0,1
797,49.0,0,0,25.9292,1,0,0,1,0,0,0,1
798,31.0,0,0,8.6833,0,0,1,1,0,0,0,1
799,30.0,0,0,7.2292,0,0,1,0,1,1,0,0
800,30.0,1,1,24.15,0,0,1,1,0,0,0,1
801,34.0,0,0,13.0,0,1,0,0,1,0,0,1
802,31.0,1,1,26.25,0,1,0,1,0,0,0,1
803,11.0,1,2,120.0,1,0,0,0,1,0,0,1
804,0.42,0,1,8.5167,0,0,1,0,1,1,0,0
805,27.0,0,0,6.975,0,0,1,0,1,0,0,1
806,31.0,0,0,7.775,0,0,1,0,1,0,0,1
807,39.0,0,0,0.0,1,0,0,0,1,0,0,1
808,18.0,0,0,7.775,0,0,1,1,0,0,0,1
809,39.0,0,0,13.0,0,1,0,0,1,0,0,1
810,33.0,1,0,53.1,1,0,0,1,0,0,0,1
811,26.0,0,0,7.8875,0,0,1,0,1,0,0,1
812,39.0,0,0,24.15,0,0,1,0,1,0,0,1
813,35.0,0,0,10.5,0,1,0,0,1,0,0,1
814,6.0,4,2,31.275,0,0,1,1,0,0,0,1
815,30.5,0,0,8.05,0,0,1,0,1,0,0,1
816,29.69911764705882,0,0,0.0,1,0,0,0,1,0,0,1
817,23.0,0,0,7.925,0,0,1,1,0,0,0,1
818,31.0,1,1,37.0042,0,1,0,0,1,1,0,0
819,43.0,0,0,6.45,0,0,1,0,1,0,0,1
820,10.0,3,2,27.9,0,0,1,0,1,0,0,1
821,52.0,1,1,93.5,1,0,0,1,0,0,0,1
822,27.0,0,0,8.6625,0,0,1,0,1,0,0,1
823,38.0,0,0,0.0,1,0,0,0,1,0,0,1
824,27.0,0,1,12.475,0,0,1,1,0,0,0,1
825,2.0,4,1,39.6875,0,0,1,0,1,0,0,1
826,29.69911764705882,0,0,6.95,0,0,1,0,1,0,1,0
827,29.69911764705882,0,0,56.4958,0,0,1,0,1,0,0,1
828,1.0,0,2,37.0042,0,1,0,0,1,1,0,0
829,29.69911764705882,0,0,7.75,0,0,1,0,1,0,1,0
830,62.0,0,0,80.0,1,0,0,1,0,0,0,1
831,15.0,1,0,14.4542,0,0,1,1,0,1,0,0
832,0.83,1,1,18.75,0,1,0,0,1,0,0,1
833,29.69911764705882,0,0,7.2292,0,0,1,0,1,1,0,0
834,23.0,0,0,7.8542,0,0,1,0,1,0,0,1
835,18.0,0,0,8.3,0,0,1,0,1,0,0,1
836,39.0,1,1,83.1583,1,0,0,1,0,1,0,0
837,21.0,0,0,8.6625,0,0,1,0,1,0,0,1
838,29.69911764705882,0,0,8.05,0,0,1,0,1,0,0,1
839,32.0,0,0,56.4958,0,0,1,0,1,0,0,1
840,29.69911764705882,0,0,29.7,1,0,0,0,1,1,0,0
841,20.0,0,0,7.925,0,0,1,0,1,0,0,1
842,16.0,0,0,10.5,0,1,0,0,1,0,0,1
843,30.0,0,0,31.0,1,0,0,1,0,1,0,0
844,34.5,0,0,6.4375,0,0,1,0,1,1,0,0
845,17.0,0,0,8.6625,0,0,1,0,1,0,0,1
846,42.0,0,0,7.55,0,0,1,0,1,0,0,1
847,29.69911764705882,8,2,69.55,0,0,1,0,1,0,0,1
848,35.0,0,0,7.8958,0,0,1,0,1,1,0,0
849,28.0,0,1,33.0,0,1,0,0,1,0,0,1
850,29.69911764705882,1,0,89.1042,1,0,0,1,0,1,0,0
851,4.0,4,2,31.275,0,0,1,0,1,0,0,1
852,74.0,0,0,7.775,0,0,1,0,1,0,0,1
853,9.0,1,1,15.2458,0,0,1,1,0,1,0,0
854,16.0,0,1,39.4,1,0,0,1,0,0,0,1
855,44.0,1,0,26.0,0,1,0,1,0,0,0,1
856,18.0,0,1,9.35,0,0,1,1,0,0,0,1
857,45.0,1,1,164.8667,1,0,0,1,0,0,0,1
858,51.0,0,0,26.55,1,0,0,0,1,0,0,1
859,24.0,0,3,19.2583,0,0,1,1,0,1,0,0
860,29.69911764705882,0,0,7.2292,0,0,1,0,1,1,0,0
861,41.0,2,0,14.1083,0,0,1,0,1,0,0,1
862,21.0,1,0,11.5,0,1,0,0,1,0,0,1
863,48.0,0,0,25.9292,1,0,0,1,0,0,0,1
864,29.69911764705882,8,2,69.55,0,0,1,1,0,0,0,1
865,24.0,0,0,13.0,0,1,0,0,1,0,0,1
866,42.0,0,0,13.0,0,1,0,1,0,0,0,1
867,27.0,1,0,13.8583,0,1,0,1,0,1,0,0
868,31.0,0,0,50.4958,1,0,0,0,1,0,0,1
869,29.69911764705882,0,0,9.5,0,0,1,0,1,0,0,1
870,4.0,1,1,11.1333,0,0,1,0,1,0,0,1
871,26.0,0,0,7.8958,0,0,1,0,1,0,0,1
872,47.0,1,1,52.5542,1,0,0,1,0,0,0,1
873,33.0,0,0,5.0,1,0,0,0,1,0,0,1
874,47.0,0,0,9.0,0,0,1,0,1,0,0,1
875,28.0,1,0,24.0,0,1,0,1,0,1,0,0
876,15.0,0,0,7.225,0,0,1,1,0,1,0,0
877,20.0,0,0,9.8458,0,0,1,0,1,0,0,1
878,19.0,0,0,7.8958,0,0,1,0,1,0,0,1
879,29.69911764705882,0,0,7.8958,0,0,1,0,1,0,0,1
880,56.0,0,1,83.1583,1,0,0,1,0,1,0,0
881,25.0,0,1,26.0,0,1,0,1,0,0,0,1
882,33.0,0,0,7.8958,0,0,1,0,1,0,0,1
883,22.0,0,0,10.5167,0,0,1,1,0,0,0,1
884,28.0,0,0,10.5,0,1,0,0,1,0,0,1
885,25.0,0,0,7.05,0,0,1,0,1,0,0,1
886,39.0,0,5,29.125,0,0,1,1,0,0,1,0
887,27.0,0,0,13.0,0,1,0,0,1,0,0,1
888,19.0,0,0,30.0,1,0,0,1,0,0,0,1
889,29.69911764705882,1,2,23.45,0,0,1,1,0,0,0,1
890,26.0,0,0,30.0,1,0,0,0,1,1,0,0
891,32.0,0,0,7.75,0,0,1,0,1,0,1,0
